OpID,Operator,TollID,Name,PM,Locality,Road,Lat,Long,Email,Price1,Price2,Price3,Price4
AM,aegeanmotorway,AM01,Σταθμός Διοδίων Κλειδίου Μετωπικά (Προς Αθήνα),ΜΤ,Ημαθίας-Κλειδί,Α/Δ Αθηνών-Θεσσαλονίκης,40.51974,22.57247,customercare@aegeanmotorway.gr,1.40,2.00,5.90,8.30
AM,aegeanmotorway,AM02,Σταθμός Διοδίων Κλειδίου Μετωπικά (Προς Θεσσαλονίκη),ΜΤ,Ημαθίας-Κλειδί,Α/Δ Αθηνών-Θεσσαλονίκης,40.51943,22.57290,customercare@aegeanmotorway.gr,1.40,2.00,5.90,8.30
AM,aegeanmotorway,AM03,Σταθμός Διοδίων Μακρυχωρίου Μετωπικά (Προς Αθήνα),ΜΤ,Λάρισας-Μακρυχώρι,Α/Δ Αθηνών-Θεσσαλονίκης,39.80461,22.50252,customercare@aegeanmotorway.gr,1.60,2.20,6.80,9.60
AM,aegeanmotorway,AM04,Σταθμός Διοδίων Μακρυχωρίου Μετωπικά (Προς Θεσσαλονίκη),ΜΤ,Λάρισας-Μακρυχώρι,Α/Δ Αθηνών-Θεσσαλονίκης,39.80427,22.50270,customercare@aegeanmotorway.gr,1.60,2.20,6.80,9.60
AM,aegeanmotorway,AM05,Σταθμός Διοδίων Μοσχοχωρίου Μετωπικά (Προς Αθήνα),ΜΤ,Λάρισας-Μοσχοχώρι,Α/Δ Αθηνών-Θεσσαλονίκης,39.52294,22.55670,customercare@aegeanmotorway.gr,2.50,3.60,10.80,15.10
AM,aegeanmotorway,AM06,Σταθμός Διοδίων Μοσχοχωρίου Μετωπικά (Προς Θεσσαλονίκη),ΜΤ,Λάρισας-Μοσχοχώρι,Α/Δ Αθηνών-Θεσσαλονίκης,39.52292,22.55705,customercare@aegeanmotorway.gr,2.50,3.60,10.80,15.10
AM,aegeanmotorway,AM07,Σταθμός Διοδίων Λεπτοκαρυάς Μετωπικά (Προς Αθήνα),ΜΤ,Πιερίας-Λεπτοκαρυά,Α/Δ Αθηνών-Θεσσαλονίκης,40.03581,22.56973,customercare@aegeanmotorway.gr,2.00,2.80,8.60,12.00
AM,aegeanmotorway,AM08,Σταθμός Διοδίων Λεπτοκαρυάς Μετωπικά (Προς Θεσσαλονίκη),ΜΤ,Πιερίας-Λεπτοκαρυά,Α/Δ Αθηνών-Θεσσαλονίκης,40.03565,22.56999,customercare@aegeanmotorway.gr,2.00,2.80,8.60,12.00
AM,aegeanmotorway,AM09,Σταθμός Διοδίων Πελασγίας Μετωπικά (Προς Αθήνα),ΜΤ,Φθιώτιδος-Πελασγία,Α/Δ Αθηνών-Θεσσαλονίκης,38.92051,22.84637,customercare@aegeanmotorway.gr,2.20,3.10,9.40,13.10
AM,aegeanmotorway,AM10,Σταθμός Διοδίων Πελασγίας Μετωπικά (Προς Θεσσαλονίκη),ΜΤ,Φθιώτιδος-Πελασγία,Α/Δ Αθηνών-Θεσσαλονίκης,38.92015,22.84633,customercare@aegeanmotorway.gr,2.20,3.10,9.40,13.10
AM,aegeanmotorway,AM11,Σταθμός Διοδίων Γυρτώνης Πλευρικά (Από Αθήνα),ΠΛ,Λάρισας-Γυρτώνη,Α/Δ Αθηνών-Θεσσαλονίκης,39.74348,22.47595,customercare@aegeanmotorway.gr,0.40,0.60,1.90,2.70
AM,aegeanmotorway,AM12,Σταθμός Διοδίων Γυρτώνης Πλευρικά (Προς Αθήνα),ΠΛ,Λάρισας-Γυρτώνη,Α/Δ Αθηνών-Θεσσαλονίκης,39.74499,22.47529,customercare@aegeanmotorway.gr,0.40,0.60,1.90,2.70
AM,aegeanmotorway,AM13,Σταθμός Διοδίων Ευαγγελισμού Πλευρικά (Από Θεσσαλονίκη),ΠΛ,Λάρισας-Ευαγγελισμός,Α/Δ Αθηνών-Θεσσαλονίκης,39.82932,22.51144,customercare@aegeanmotorway.gr,0.70,1.10,3.20,4.50
AM,aegeanmotorway,AM14,Σταθμός Διοδίων Ευαγγελισμού Πλευρικά (Προς Θεσσαλονίκη),ΠΛ,Λάρισας-Ευαγγελισμός,Α/Δ Αθηνών-Θεσσαλονίκης,39.82932,22.51359,customercare@aegeanmotorway.gr,0.70,1.10,3.20,4.50
AM,aegeanmotorway,AM15,Σταθμός Διοδίων Κιλελέρ Πλευρικά (Από Αθήνα),ΠΛ,Λάρισας-Κιλελέρ,Α/Δ Αθηνών-Θεσσαλονίκης,39.49450,22.62619,customercare@aegeanmotorway.gr,1.50,2.10,6.40,9.00
AM,aegeanmotorway,AM16,Σταθμός Διοδίων Κιλελέρ Πλευρικά (Προς Αθήνα),ΠΛ,Λάρισας-Κιλελέρ,Α/Δ Αθηνών-Θεσσαλονίκης,39.49332,22.61891,customercare@aegeanmotorway.gr,1.50,2.10,6.40,9.00
AM,aegeanmotorway,AM17,Σταθμός Διοδίων Μακρυχωρίου Πλευρικά (Από Αθήνα),ΠΛ,Λάρισας-Μακρυχώρι,Α/Δ Αθηνών-Θεσσαλονίκης,39.79680,22.49904,customercare@aegeanmotorway.gr,0.70,1.00,3.00,4.20
AM,aegeanmotorway,AM18,Σταθμός Διοδίων Μεγάλου Μοναστηρίου Πλευρικά (Από Αθήνα),ΠΛ,Λάρισας-Μεγάλο Μοναστήρι,Α/Δ Αθηνών-Θεσσαλονίκης,39.44227,22.68931,customercare@aegeanmotorway.gr,1.20,1.70,5.00,7.00
AM,aegeanmotorway,AM19,Σταθμός Διοδίων Μεγάλου Μοναστηρίου Πλευρικά (Προς Αθήνα),ΠΛ,Λάρισας-Μεγάλο Μοναστήρι,Α/Δ Αθηνών-Θεσσαλονίκης,39.44117,22.68652,customercare@aegeanmotorway.gr,1.20,1.70,5.00,7.00
AM,aegeanmotorway,AM20,Σταθμός Διοδίων Πυργετού Πλευρικά (Προς Αθήνα),ΠΛ,Λάρισας-Πυργετός,Α/Δ Αθηνών-Θεσσαλονίκης,39.90926,22.62438,customercare@aegeanmotorway.gr,1.00,1.50,4.50,6.30
AM,aegeanmotorway,AM21,Σταθμός Διοδίων Πυργετού Πλευρικά (Προς Θεσσαλονίκη),ΠΛ,Λάρισας-Πυργετός,Α/Δ Αθηνών-Θεσσαλονίκης,39.90894,22.62438,customercare@aegeanmotorway.gr,1.00,1.50,4.50,6.30
AM,aegeanmotorway,AM22,Σταθμός Διοδίων Βελεστίνου Πλευρικά (Από Αθήνα),ΠΛ,Μαγνησίας-Βελεστίνο,Α/Δ Αθηνών-Θεσσαλονίκης,39.38855,22.76817,customercare@aegeanmotorway.gr,0.80,1.10,3.30,4.60
AM,aegeanmotorway,AM23,Σταθμός Διοδίων Βελεστίνου Πλευρικά (Προς Αθήνα),ΠΛ,Μαγνησίας-Βελεστίνο,Α/Δ Αθηνών-Θεσσαλονίκης,39.38900,22.76446,customercare@aegeanmotorway.gr,0.80,1.10,3.30,4.60
AM,aegeanmotorway,AM24,Σταθμός Διοδίων Βελεστίνου Πλευρικά (Προς Αθήνα),ΠΛ,Μαγνησίας-Βελεστίνο,Α/Δ Αθηνών-Θεσσαλονίκης,39.39075,22.76492,customercare@aegeanmotorway.gr,0.80,1.10,3.30,4.60
AM,aegeanmotorway,AM25,Σταθμός Διοδίων Λεπτοκαρυάς Πλευρικά (Από Θεσσαλονίκη),ΠΛ,Πιερίας-Λεπτοκαρυά,Α/Δ Αθηνών-Θεσσαλονίκης,40.04498,22.56406,customercare@aegeanmotorway.gr,1.10,1.60,4.90,6.80
AM,aegeanmotorway,AM26,Σταθμός Διοδίων Λεπτοκαρυάς Πλευρικά (Προς Θεσσαλονίκη),ΠΛ,Πιερίας-Λεπτοκαρυά,Α/Δ Αθηνών-Θεσσαλονίκης,40.04503,22.56537,customercare@aegeanmotorway.gr,1.10,1.60,4.90,6.80
AM,aegeanmotorway,AM27,Σταθμός Διοδίων Πλαταμώνα Πλευρικά (Από Αθήνα),ΠΛ,Πιερίας-Πλαταμώνας,Α/Δ Αθηνών-Θεσσαλονίκης,39.98173,22.62521,customercare@aegeanmotorway.gr,0.40,0.60,1.80,2.50
AM,aegeanmotorway,AM28,Σταθμός Διοδίων Πλαταμώνα Πλευρικά (Προς Αθήνα),ΠΛ,Πιερίας-Πλαταμώνας,Α/Δ Αθηνών-Θεσσαλονίκης,39.98173,22.62488,customercare@aegeanmotorway.gr,0.40,0.60,1.80,2.50
AM,aegeanmotorway,AM29,Σταθμός Διοδίων Γλύφας Πλευρικά (Από Θεσσαλονίκη),ΠΛ,Φθιώτιδος-Γλύφα,Α/Δ Αθηνών-Θεσσαλονίκης,38.94941,22.87566,customercare@aegeanmotorway.gr,1.60,2.30,6.90,9.60
AM,aegeanmotorway,AM30,Σταθμός Διοδίων Γλύφας Πλευρικά (Προς Θεσσαλονίκη),ΠΛ,Φθιώτιδος-Γλύφα,Α/Δ Αθηνών-Θεσσαλονίκης,38.94799,22.87658,customercare@aegeanmotorway.gr,1.60,2.30,6.90,9.60
EG,egnatia,EG01,Σταθμός Διοδίων Σήραγγας Ακτίου Μετωπικά (Προς Αγρίνιο),ΜΤ,Αιτωλοακαρνανίας-Άκτιο,Ακτίου-Πρέβεζας,38.94008,20.76598,eoae@egnatia.gr,0.70,3.00,7.50,10.50
EG,egnatia,EG02,Σταθμός Διοδίων Σήραγγας Ακτίου Μετωπικά (Προς Πρέβεζα),ΜΤ,Αιτωλοακαρνανίας-Άκτιο,Ακτίου-Πρέβεζας,38.94000,20.76634,eoae@egnatia.gr,0.70,3.00,7.50,10.50
EG,egnatia,EG03,Σταθμός Διοδίων Αρδανίου Μετωπικά (Προς Ηγουμενίτσα),ΜΤ,Έβρου-Αρδάνι,Εγνατία Οδός,40.94466,26.20525,eoae@egnatia.gr,0.80,1.20,3.00,4.20
EG,egnatia,EG04,Σταθμός Διοδίων Αρδανίου Μετωπικά (Προς Κήπους),ΜΤ,Έβρου-Αρδάνι,Εγνατία Οδός,40.94448,26.20509,eoae@egnatia.gr,0.80,1.20,3.00,4.20
EG,egnatia,EG05,Σταθμός Διοδίων Μεστής Μετωπικά (Προς Αλεξ/πολη),ΜΤ,Έβρου-Μεστή,Εγνατία Οδός,41.01349,25.53327,eoae@egnatia.gr,1.20,1.70,4.30,6.00
EG,egnatia,EG06,Σταθμός Διοδίων Μεστής Μετωπικά (Προς Ηγουμενίτσα),ΜΤ,Έβρου-Μεστή,Εγνατία Οδός,41.01347,25.53349,eoae@egnatia.gr,1.20,1.70,4.30,6.00
EG,egnatia,EG07,Σταθμός Διοδίων Ανάληψης Μετωπικά (Προς Αλεξ/πολη),ΜΤ,Θεσσαλονίκης-Ανάληψη,Εγνατία Οδός,40.70685,23.19131,eoae@egnatia.gr,1.30,1.80,4.50,6.30
EG,egnatia,EG08,Σταθμός Διοδίων Ανάληψης Μετωπικά (Προς Ηγουμενίτσα),ΜΤ,Θεσσαλονίκης-Ανάληψη,Εγνατία Οδός,40.70687,23.19166,eoae@egnatia.gr,1.30,1.80,4.50,6.30
EG,egnatia,EG09,Σταθμός Διοδίων Ασπροβάλτας Μετωπικά (Προς Αλεξανδρούπολη),ΜΤ,Θεσσαλονίκης-Ασπροβάλτα,Εγνατία Οδός,40.72626,23.69369,eoae@egnatia.gr,0.60,0.90,2.30,3.20
EG,egnatia,EG10,Σταθμός Διοδίων Ασπροβάλτας Μετωπικά (Προς Ηγουμενίτσα),ΜΤ,Θεσσαλονίκης-Ασπροβάλτα,Εγνατία Οδός,40.72651,23.69370,eoae@egnatia.gr,0.60,0.90,2.30,3.20
EG,egnatia,EG11,Σταθμός Διοδίων Θεσσαλονίκης Μετωπικά (Προς Αλεξανδρούπολη),ΜΤ,Θεσσαλονίκης-Θεσσαλονίκη,Εγνατία Οδός,40.69605,22.89561,eoae@egnatia.gr,0.30,0.50,1.00,1.50
EG,egnatia,EG12,Σταθμός Διοδίων Θεσσαλονίκης Μετωπικά (Προς Ηγουμενίτσα),ΜΤ,Θεσσαλονίκης-Θεσσαλονίκη,Εγνατία Οδός,40.69621,22.89602,eoae@egnatia.gr,0.30,0.50,1.00,1.50
EG,egnatia,EG13,Σταθμός Διοδίων Μαλγάρων Μετωπικά (Προς Αθήνα),ΜΤ,Θεσσαλονίκης-Μάλγαρα,Α/Δ Αθηνών-Θεσσαλονίκης,40.60257,22.69825,eoae@egnatia.gr,0.80,1.20,3.00,4.20
EG,egnatia,EG14,Σταθμός Διοδίων Μαλγάρων Μετωπικά (Προς Θεσσαλονίκη),ΜΤ,Θεσσαλονίκης-Μάλγαρα,Α/Δ Αθηνών-Θεσσαλονίκης,40.60222,22.69828,eoae@egnatia.gr,0.80,1.20,3.00,4.20
EG,egnatia,EG15,Σταθμός Διοδίων Παμβώτιδας Μετωπικά (Προς Αλεξ/πολη),ΜΤ,Ιωαννίνων-Ιωάννινα,Εγνατία Οδός,39.61861,20.94787,eoae@egnatia.gr,0.80,1.20,3.00,4.20
EG,egnatia,EG16,Σταθμός Διοδίων Παμβώτιδας Μετωπικά (Προς Ηγουμενίτσα),ΜΤ,Ιωαννίνων-Ιωάννινα,Εγνατία Οδός,39.61887,20.94798,eoae@egnatia.gr,0.80,1.20,3.00,4.20
EG,egnatia,EG17,Σταθμός Διοδίων Τύριας Μετωπικά (Προς Αλεξ/πολη),ΜΤ,Ιωαννίνων-Τύρια,Εγνατία Οδός,39.54018,20.67424,eoae@egnatia.gr,1.50,2.10,5.30,7.40
EG,egnatia,EG18,Σταθμός Διοδίων Τύριας Μετωπικά (Προς Ηγουμενίτσα),ΜΤ,Ιωαννίνων-Τύρια,Εγνατία Οδός,39.54018,20.67446,eoae@egnatia.gr,1.50,2.10,5.30,7.40
EG,egnatia,EG19,Σταθμός Διοδίων Καβάλας Μετωπικά (Προς Αλεξ/πολη),ΜΤ,Καβάλας-Άσπρη Άμμος,Εγνατία Οδός,40.95970,24.47231,eoae@egnatia.gr,1.00,1.40,3.50,4.90
EG,egnatia,EG20,Σταθμός Διοδίων Καβάλας Μετωπικά (Προς Ηγουμενίτσα),ΜΤ,Καβάλας-Άσπρη Άμμος,Εγνατία Οδός,40.95996,24.47252,eoae@egnatia.gr,1.00,1.40,3.50,4.90
EG,egnatia,EG21,Σταθμός Διοδίων Μουσθένης Μετωπικά (Προς Αλεξ/πολη),ΜΤ,Καβάλας-Μουσθένη,Εγνατία Οδός,40.85810,24.16227,eoae@egnatia.gr,1.10,1.60,4.00,5.60
EG,egnatia,EG22,Σταθμός Διοδίων Μουσθένης Μετωπικά (Προς Ηγουμενίτσα),ΜΤ,Καβάλας-Μουσθένη,Εγνατία Οδός,40.85828,24.16236,eoae@egnatia.gr,1.10,1.60,4.00,5.60
EG,egnatia,EG23,Σταθμός Διοδίων Ιεροπηγής Μετωπικά (Προς Κρυσταλλοπηγή),ΜΤ,Καστοριάς-Ιεροπηγή,Α/Δ Σιάτιστας-Κρυσταλλοπηγής,40.57450,21.06155,eoae@egnatia.gr,1.00,1.40,3.50,4.90
EG,egnatia,EG24,Σταθμός Διοδίων Ιεροπηγής Μετωπικά (Προς Σιάτιστα),ΜΤ,Καστοριάς-Ιεροπηγή,Α/Δ Σιάτιστας-Κρυσταλλοπηγής,40.57463,21.06136,eoae@egnatia.gr,1.00,1.40,3.50,4.90
EG,egnatia,EG25,Σταθμός Διοδίων Ευζώνων Μετωπικά (Προς Μάλγαρα),ΜΤ,Κιλκίς-Εύζωνοι,Α/Δ ΠΑΘΕ,41.10873,22.55840,eoae@egnatia.gr,1.30,1.80,4.50,6.30
EG,egnatia,EG26,Σταθμός Διοδίων Ευζώνων Μετωπικά (Προς Σύνορα),ΜΤ,Κιλκίς-Εύζωνοι,Α/Δ ΠΑΘΕ,41.10865,22.55872,eoae@egnatia.gr,1.30,1.80,4.50,6.30
EG,egnatia,EG27,Σταθμός Διοδίων Πολύμυλου Μετωπικά (Προς Αλεξ/πολη),ΜΤ,Κοζάνης-Πολύμυλος,Εγνατία Οδός,40.36719,22.06011,eoae@egnatia.gr,1.00,1.40,3.50,4.90
EG,egnatia,EG28,Σταθμός Διοδίων Πολύμυλου Μετωπικά (Προς Ηγουμενίτσα),ΜΤ,Κοζάνης-Πολύμυλος,Εγνατία Οδός,40.36724,22.06038,eoae@egnatia.gr,1.00,1.40,3.50,4.90
EG,egnatia,EG29,Σταθμός Διοδίων Σιάτιστας Μετωπικά (Προς Αλεξ/πολη),ΜΤ,Κοζάνης-Σιάτιστα,Εγνατία Οδός,40.25640,21.63294,eoae@egnatia.gr,1.10,1.50,3.80,5.30
EG,egnatia,EG30,Σταθμός Διοδίων Σιάτιστας Μετωπικά (Προς Ηγουμενίτσα),ΜΤ,Κοζάνης-Σιάτιστα,Εγνατία Οδός,40.25663,21.63296,eoae@egnatia.gr,1.10,1.50,3.80,5.30
EG,egnatia,EG31,Σταθμός Διοδίων Ίασμου Μετωπικά (Προς Αλεξ/πολη),ΜΤ,Ροδόπης-Ίασμος,Εγνατία Οδός,41.12035,25.08013,eoae@egnatia.gr,1.00,1.40,3.50,4.90
EG,egnatia,EG32,Σταθμός Διοδίων Ίασμου Μετωπικά (Προς Ηγουμενίτσα),ΜΤ,Ροδόπης-Ίασμος,Εγνατία Οδός,41.12048,25.08019,eoae@egnatia.gr,1.00,1.40,3.50,4.90
EG,egnatia,EG33,Σταθμός Διοδίων Προμαχώνα Μετωπικά (Προς Προμαχώνα),ΜΤ,Σερρών-Προμαχώνας,Α/Δ Σερρών-Προμαχώνα,41.36410,23.35685,eoae@egnatia.gr,1.40,2.00,5.00,7.00
EG,egnatia,EG34,Σταθμός Διοδίων Προμαχώνα Μετωπικά (Προς Σέρρες),ΜΤ,Σερρών-Προμαχώνας,Α/Δ Σερρών-Προμαχώνα,41.36428,23.35673,eoae@egnatia.gr,1.40,2.00,5.00,7.00
EG,egnatia,EG35,Σταθμός Διοδίων Στρυμονικού Μετωπικά (Προς Θεσσαλονίκη),ΜΤ,Σερρών-Στρυμονικό,Α/Δ Θεσσαλονίκης-Σερρών,41.04377,23.29506,eoae@egnatia.gr,0.70,1.00,2.50,3.50
EG,egnatia,EG36,Σταθμός Διοδίων Στρυμονικού Μετωπικά (Προς Σέρρες),ΜΤ,Σερρών-Στρυμονικό,Α/Δ Θεσσαλονίκης-Σερρών,41.04362,23.29504,eoae@egnatia.gr,0.70,1.00,2.50,3.50
EG,egnatia,EG37,Σταθμός Διοδίων Μαλακασίου Μετωπικά (Προς Αλεξ/πολη),ΜΤ,Τρικάλων-Μαλακάσι,Εγνατία Οδός,39.78944,21.26681,eoae@egnatia.gr,1.00,1.40,3.50,4.90
EG,egnatia,EG38,Σταθμός Διοδίων Μαλακασίου Μετωπικά (Προς Ηγουμενίτσα),ΜΤ,Τρικάλων-Μαλακάσι,Εγνατία Οδός,39.78979,21.26626,eoae@egnatia.gr,1.00,1.40,3.50,4.90
EG,egnatia,EG39,Σταθμός Διοδίων Μεστής Πλευρικά (Από Αλεξ/πολη),ΠΛ,Έβρου-Μεστή,Εγνατία Οδός,40.96176,25.64339,eoae@egnatia.gr,0.60,0.80,2.00,2.80
EG,egnatia,EG40,Σταθμός Διοδίων Μεστής Πλευρικά (Προς Αλεξ/πολη),ΠΛ,Έβρου-Μεστή,Εγνατία Οδός,40.96122,25.64278,eoae@egnatia.gr,0.60,0.80,2.00,2.80
EG,egnatia,EG41,Σταθμός Διοδίων Βαϊοχωρίου Πλευρικά (Από Αλεξ/πολη),ΠΛ,Θεσσαλονίκης-Βαϊοχώρι,Εγνατία Οδός,40.70133,23.37106,eoae@egnatia.gr,0.40,0.60,1.50,2.10
EG,egnatia,EG42,Σταθμός Διοδίων Βαϊοχωρίου Πλευρικά (Προς Αλεξ/πολη),ΠΛ,Θεσσαλονίκης-Βαϊοχώρι,Εγνατία Οδός,40.70003,23.37042,eoae@egnatia.gr,0.40,0.60,1.50,2.10
EG,egnatia,EG43,Σταθμός Διοδίων Λαγκαδά Πλευρικά (Είσοδος Προς Ηγουμενίτσα),ΠΛ,Θεσσαλονίκης-Λαγυνά,Εγνατία Οδός,40.74036,23.01134,eoae@egnatia.gr,0.20,0.30,0.80,1.10
EG,egnatia,EG44,Σταθμός Διοδίων Λαγκαδά Πλευρικά (Είσοδος Προς Ηγουμενίτσα),ΠΛ,Θεσσαλονίκης-Λαγυνά,Εγνατία Οδός,40.74041,23.00921,eoae@egnatia.gr,0.20,0.30,0.80,1.10
EG,egnatia,EG45,Σταθμός Διοδίων Λαγκαδά Πλευρικά (Έξοδος Από Ηγουμενίτσα),ΠΛ,Θεσσαλονίκης-Λαγυνά,Εγνατία Οδός,40.73708,23.00886,eoae@egnatia.gr,0.20,0.30,0.80,1.10
EG,egnatia,EG46,Σταθμός Διοδίων Ασπροβάλτας Πλευρικά (Από Ηγουμενίτσα),ΠΛ,Θεσσαλονίκης-Νέα Βρασνά,Εγνατία Οδός,40.70963,23.68233,eoae@egnatia.gr,0.20,0.30,0.80,1.10
EG,egnatia,EG47,Σταθμός Διοδίων Ασπροβάλτας Πλευρικά (Προς Ηγουμενίτσα),ΠΛ,Θεσσαλονίκης-Νέα Βρασνά,Εγνατία Οδός,40.70969,23.68007,eoae@egnatia.gr,0.20,0.30,0.80,1.10
EG,egnatia,EG48,Σταθμός Διοδίων Προφήτη Πλευρικά (Από Αλεξ/πολη),ΠΛ,Θεσσαλονίκης-Προφήτης,Εγνατία Οδός,40.68507,23.25728,eoae@egnatia.gr,0.60,0.90,2.30,3.20
EG,egnatia,EG49,Σταθμός Διοδίων Προφήτη Πλευρικά (Προς Αλεξ/πολη),ΠΛ,Θεσσαλονίκης-Προφήτης,Εγνατία Οδός,40.68298,23.26014,eoae@egnatia.gr,0.60,0.90,2.30,3.20
EG,egnatia,EG50,Σταθμός Διοδίων Αγίου Ανδρέα Πλευρικά (Από Αλεξ/πολη),ΠΛ,Καβάλας-Άγιος Ανδρέας,Εγνατία Οδός,40.87301,24.29632,eoae@egnatia.gr,0.30,0.40,1.00,1.40
EG,egnatia,EG51,Σταθμός Διοδίων Αγίου Ανδρέα Πλευρικά (Προς Αλεξ/πολη),ΠΛ,Καβάλας-Άγιος Ανδρέας,Εγνατία Οδός,40.87425,24.29886,eoae@egnatia.gr,0.30,0.40,1.00,1.40
EG,egnatia,EG52,Σταθμός Διοδίων Άσπρων Χωμάτων Πλευρικά (Από Ηγουμενίτσα),ΠΛ,Καβάλας-Άσπρη Άμμος,Εγνατία Οδός,40.95475,24.46490,eoae@egnatia.gr,0.20,0.30,0.80,1.10
EG,egnatia,EG53,Σταθμός Διοδίων Άσπρων Χωμάτων Πλευρικά (Προς Ηγουμενίτσα),ΠΛ,Καβάλας-Άσπρη Άμμος,Εγνατία Οδός,40.95614,24.46335,eoae@egnatia.gr,0.20,0.30,0.80,1.10
EG,egnatia,EG54,Σταθμός Διοδίων Ελευθερούπολης Πλευρικά (Από Αλεξ/πολη),ΠΛ,Καβάλας-Εξοχή,Εγνατία Οδός,40.88656,24.23466,eoae@egnatia.gr,0.50,0.60,1.50,2.10
EG,egnatia,EG55,Σταθμός Διοδίων Ελευθερούπολης Πλευρικά (Προς Αλεξ/πολη),ΠΛ,Καβάλας-Εξοχή,Εγνατία Οδός,40.88405,24.23595,eoae@egnatia.gr,0.50,0.60,1.50,2.10
EG,egnatia,EG56,Σταθμός Διοδίων Μουσθένης Πλευρικά (Από Ηγουμενίτσα),ΠΛ,Καβάλας-Μουσθένη,Εγνατία Οδός,40.83828,24.11487,eoae@egnatia.gr,0.60,0.80,2.00,2.80
EG,egnatia,EG57,Σταθμός Διοδίων Μουσθένης Πλευρικά (Προς Ηγουμενίτσα),ΠΛ,Καβάλας-Μουσθένη,Εγνατία Οδός,40.84142,24.11660,eoae@egnatia.gr,0.60,0.80,2.00,2.80
EG,egnatia,EG58,Σταθμός Διοδίων Γαληψού Ορφανίου Πλευρικά (Από Ηγουμενίτσα),ΠΛ,Καβάλας-Ορφάνιο,Εγνατία Οδός,40.78273,23.95742,eoae@egnatia.gr,0.20,0.30,0.80,1.10
EG,egnatia,EG59,Σταθμός Διοδίων Γαληψού Ορφανίου Πλευρικά (Προς Ηγουμενίτσα),ΠΛ,Καβάλας-Ορφάνιο,Εγνατία Οδός,40.78738,23.95591,eoae@egnatia.gr,0.20,0.30,0.80,1.10
EG,egnatia,EG60,Σταθμός Διοδίων Πολυκάστρου Πλευρικά (Από Πολύκαστρο),ΠΛ,Κιλκίς-Πολύκαστρο,Α/Δ ΠΑΘΕ,40.98913,22.60377,eoae@egnatia.gr,0.90,1.30,3.30,4.60
EG,egnatia,EG61,Σταθμός Διοδίων Πολυκάστρου Πλευρικά (Προς Πολύκαστρο),ΠΛ,Κιλκίς-Πολύκαστρο,Α/Δ ΠΑΘΕ,40.98902,22.60492,eoae@egnatia.gr,0.90,1.30,3.30,4.60
EG,egnatia,EG62,Σταθμός Διοδίων Καλαμιάς Πλευρικά (Από Αλεξ/πολη),ΠΛ,Κοζάνης-Καλαμιά,Εγνατία Οδός,40.29780,21.68065,eoae@egnatia.gr,0.30,0.40,1.00,1.40
EG,egnatia,EG63,Σταθμός Διοδίων Καλαμιάς Πλευρικά (Προς Αλεξ/πολη),ΠΛ,Κοζάνης-Καλαμιά,Εγνατία Οδός,40.30186,21.69036,eoae@egnatia.gr,0.30,0.40,1.00,1.40
EG,egnatia,EG64,Σταθμός Διοδίων Σιάτιστας Ανατολικά Πλευρικά (Από Ηγουμενίτσα),ΠΛ,Κοζάνης-Σιάτιστα,Εγνατία Οδός,40.23622,21.57988,eoae@egnatia.gr,0.50,0.70,1.80,2.50
EG,egnatia,EG65,Σταθμός Διοδίων Σιάτιστας Ανατολικά Πλευρικά (Προς Ηγουμενίτσα),ΠΛ,Κοζάνης-Σιάτιστα,Εγνατία Οδός,40.23697,21.57984,eoae@egnatia.gr,0.50,0.70,1.80,2.50
EG,egnatia,EG66,Σταθμός Διοδίων Βαφέικων Πλευρικά (Από Ηγουμενίτσα Προς Ξάνθη),ΠΛ,Ξάνθης-Βαφέικα,Εγνατία Οδός,41.09622,24.94660,eoae@egnatia.gr,0.20,0.30,0.80,1.10
EG,egnatia,EG67,Σταθμός Διοδίων Βαφέικων Πλευρικά (Από Ηγουμενίτσα Προς Πόρτο Λάγος),ΠΛ,Ξάνθης-Βαφέικα,Εγνατία Οδός,41.09518,24.94467,eoae@egnatia.gr,0.20,0.30,0.80,1.10
EG,egnatia,EG68,Σταθμός Διοδίων Βαφέικων Πλευρικά (Από Ξάνθη Προς Ηγουμενίτσα),ΠΛ,Ξάνθης-Βαφέικα,Εγνατία Οδός,41.09463,24.93714,eoae@egnatia.gr,0.20,0.30,0.80,1.10
EG,egnatia,EG69,Σταθμός Διοδίων Βαφέικων Πλευρικά (Από Πόρτο Λάγος Προς Ηγουμενίτσα),ΠΛ,Ξάνθης-Βαφέικα,Εγνατία Οδός,41.09820,24.94494,eoae@egnatia.gr,0.20,0.30,0.80,1.10
EG,egnatia,EG70,Σταθμός Διοδίων Ίασμου Πλευρικά (Από Αλεξ/πολη),ΠΛ,Ροδόπης-Ίασμος,Εγνατία Οδός,41.11714,25.18443,eoae@egnatia.gr,0.40,0.50,1.30,1.80
EG,egnatia,EG71,Σταθμός Διοδίων Ίασμου Πλευρικά (Προς Αλεξ/πολη),ΠΛ,Ροδόπης-Ίασμος,Εγνατία Οδός,41.11562,25.18446,eoae@egnatia.gr,0.40,0.50,1.30,1.80
EG,egnatia,EG72,Σταθμός Διοδίων ΒΙ.ΠΕ. Κομοτηνής Πλευρικά (Από Ηγουμενίτσα),ΠΛ,Ροδόπης-Φύλακας,Εγνατία Οδός,41.05960,25.47539,eoae@egnatia.gr,0.20,0.30,0.80,1.10
EG,egnatia,EG73,Σταθμός Διοδίων ΒΙ.ΠΕ. Κομοτηνής Πλευρικά (Προς Ηγουμενίτσα),ΠΛ,Ροδόπης-Φύλακας,Εγνατία Οδός,41.06149,25.47661,eoae@egnatia.gr,0.20,0.30,0.80,1.10
EG,egnatia,EG74,Σταθμός Διοδίων Παναγιάς Πλευρικά,ΠΛ,Τρικάλων-Μαλακάσι,Εγνατία Οδός,39.78578,21.29482,eoae@egnatia.gr,0.70,1.00,2.50,3.50
GE,gefyra,GE01,Σταθμός Διοδίων Γέφυρας Ρίου Αντιρρίου Μετωπικά (Προς Αντίρριο),ΜΤ,Αιτωλοακαρνανίας-Αντίρριο,Α/Δ Αντιρρίου-Ιωαννίνων,38.33383,21.76604,info@gefyra.gr,2.00,14.70,46.50,74.50
GE,gefyra,GE02,Σταθμός Διοδίων Γέφυρας Ρίου Αντιρρίου Μετωπικά (Προς Ρίο),ΜΤ,Αιτωλοακαρνανίας-Αντίρριο,Α/Δ Αντιρρίου-Ιωαννίνων,38.33381,21.76581,info@gefyra.gr,2.00,14.70,46.50,74.50
KO,kentrikiodos,KO01,Σταθμός Διοδίων Σοφάδων Μετωπικά (Προς Λαμία),ΜΤ,Καρδίτσας-Μαυραχάδες,Α/Δ Λαμίας-Τρικάλων,39.25717,22.08299,customercare@kentrikiodos.gr,2.35,3.40,8.50,11.95
KO,kentrikiodos,KO02,Σταθμός Διοδίων Σοφάδων Μετωπικά (Προς Τρίκαλα),ΜΤ,Καρδίτσας-Μαυραχάδες,Α/Δ Λαμίας-Τρικάλων,39.25691,22.08320,customercare@kentrikiodos.gr,2.35,3.40,8.50,11.95
KO,kentrikiodos,KO03,Σταθμός Διοδίων Τρικάλων Μετωπικά (Προς Λαμία),ΜΤ,Τρικάλων-Λόγγος,Α/Δ Λαμίας-Τρικάλων,39.52040,21.83212,customercare@kentrikiodos.gr,2.05,2.95,7.45,10.45
KO,kentrikiodos,KO04,Σταθμός Διοδίων Τρικάλων Μετωπικά (Προς Τρίκαλα),ΜΤ,Τρικάλων-Λόγγος,Α/Δ Λαμίας-Τρικάλων,39.52022,21.83249,customercare@kentrikiodos.gr,2.05,2.95,7.45,10.45
KO,kentrikiodos,KO05,Σταθμός Διοδίων Αγίας Τριάδας Μετωπικά (Προς Αθήνα),ΜΤ,Φθιώτιδος-Αγία Τριάδα,Α/Δ Αθηνών-Θεσσαλονίκης,38.80835,22.60256,customercare@kentrikiodos.gr,1.35,1.90,4.80,6.75
KO,kentrikiodos,KO06,Σταθμός Διοδίων Αγίας Τριάδας Μετωπικά (Προς Θεσσαλονίκη),ΜΤ,Φθιώτιδος-Αγία Τριάδα,Α/Δ Αθηνών-Θεσσαλονίκης,38.80869,22.60270,customercare@kentrikiodos.gr,1.35,1.90,4.80,6.75
KO,kentrikiodos,KO07,Σταθμός Διοδίων Λειανοκλαδίου Μετωπικά (Προς Λαμία),ΜΤ,Φθιώτιδος-Σταυρός,Κεντρική Οδός,38.91517,22.34873,customercare@kentrikiodos.gr,1.30,1.85,4.70,6.60
KO,kentrikiodos,KO08,Σταθμός Διοδίων Λειανοκλαδίου Μετωπικά (Προς Τρίκαλα),ΜΤ,Φθιώτιδος-Σταυρός,Κεντρική Οδός,38.91495,22.34906,customercare@kentrikiodos.gr,1.30,1.85,4.70,6.60
KO,kentrikiodos,KO09,Σταθμός Διοδίων Μαυρομαντήλας Μετωπικά (Προς Αθήνα),ΜΤ,Φθιώτιδος-Στυλίδα,Α/Δ Αθηνών-Θεσσαλονίκης,38.90419,22.52794,customercare@kentrikiodos.gr,1.45,2.05,5.15,7.25
KO,kentrikiodos,KO10,Σταθμός Διοδίων Μαυρομαντήλας Μετωπικά (Προς Θεσσαλονίκη),ΜΤ,Φθιώτιδος-Στυλίδα,Α/Δ Αθηνών-Θεσσαλονίκης,38.90403,22.52754,customercare@kentrikiodos.gr,1.45,2.05,5.15,7.25
KO,kentrikiodos,KO11,Σταθμός Διοδίων Ανάβρας Πλευρικά (Από Λαμία),ΠΛ,Καρδίτσας-Ανάβρα,Α/Δ Λαμίας-Τρικάλων,39.21048,22.06925,customercare@kentrikiodos.gr,1.40,2.00,5.00,7.00
KO,kentrikiodos,KO12,Σταθμός Διοδίων Ανάβρας Πλευρικά (Προς Λαμία),ΠΛ,Καρδίτσας-Ανάβρα,Α/Δ Λαμίας-Τρικάλων,39.21025,22.06905,customercare@kentrikiodos.gr,1.40,2.00,5.00,7.00
KO,kentrikiodos,KO13,Σταθμός Διοδίων Προαστίου Πλευρικά (Από Λαμία),ΠΛ,Καρδίτσας-Προάστιο,Α/Δ Λαμίας-Τρικάλων,39.47480,21.90310,customercare@kentrikiodos.gr,0.80,1.15,2.85,4.05
KO,kentrikiodos,KO14,Σταθμός Διοδίων Προαστίου Πλευρικά (Προς Λαμία),ΠΛ,Καρδίτσας-Προάστιο,Α/Δ Λαμίας-Τρικάλων,39.47460,21.90324,customercare@kentrikiodos.gr,0.80,1.15,2.85,4.05
KO,kentrikiodos,KO15,Σταθμός Διοδίων Καλαμπάκας Πλευρικά (Από Καλαμπάκα),ΠΛ,Τρικάλων-Καλαμπάκα,Κεντρική Οδός,39.70028,21.60858,customercare@kentrikiodos.gr,0.60,0.90,2.25,3.15
KO,kentrikiodos,KO16,Σταθμός Διοδίων Καλαμπάκας Πλευρικά (Προς Καλαμπάκα),ΠΛ,Τρικάλων-Καλαμπάκα,Κεντρική Οδός,39.69975,21.61080,customercare@kentrikiodos.gr,0.60,0.90,2.25,3.15
KO,kentrikiodos,KO17,Σταθμός Διοδίων Τρικάλων Πλευρικά (Από Τρίκαλα),ΠΛ,Τρικάλων-Τρίκαλα,Κεντρική Οδός,39.56901,21.81829,customercare@kentrikiodos.gr,0.55,0.80,2.05,2.90
KO,kentrikiodos,KO18,Σταθμός Διοδίων Τρικάλων Πλευρικά (Προς Τρίκαλα),ΠΛ,Τρικάλων-Τρίκαλα,Κεντρική Οδός,39.56879,21.81811,customercare@kentrikiodos.gr,0.55,0.80,2.05,2.90
KO,kentrikiodos,KO19,Σταθμός Διοδίων Αγίας Μαρίνας Πλευρικά (Από Θεσ/νίκη),ΠΛ,Φθιώτιδος-Αγία Μαρίνα,Α/Δ Αθηνών-Θεσσαλονίκης,38.90377,22.57063,customercare@kentrikiodos.gr,0.90,1.30,3.30,4.60
KO,kentrikiodos,KO20,Σταθμός Διοδίων Αγίας Μαρίνας Πλευρικά (Προς Θεσ/νίκη),ΠΛ,Φθιώτιδος-Αγία Μαρίνα,Α/Δ Αθηνών-Θεσσαλονίκης,38.90305,22.56907,customercare@kentrikiodos.gr,0.90,1.30,3.30,4.60
KO,kentrikiodos,KO21,Σταθμός Διοδίων Θερμοπυλών Πλευρικά (Από Θεσσαλονίκη),ΠΛ,Φθιώτιδος-Θερμοπύλες,Α/Δ Αθηνών-Θεσσαλονίκης,38.79929,22.50926,customercare@kentrikiodos.gr,0.45,0.65,1.65,2.35
KO,kentrikiodos,KO22,Σταθμός Διοδίων Θερμοπυλών Πλευρικά (Προς Θεσσαλονίκη),ΠΛ,Φθιώτιδος-Θερμοπύλες,Α/Δ Αθηνών-Θεσσαλονίκης,38.79959,22.51118,customercare@kentrikiodos.gr,0.45,0.65,1.65,2.35
KO,kentrikiodos,KO23,Σταθμός Διοδίων Μώλου Πλευρικά (Από Αθήνα),ΠΛ,Φθιώτιδος-Μώλος,Α/Δ Αθηνών-Θεσσαλονίκης,38.80267,22.64938,customercare@kentrikiodos.gr,0.25,0.35,0.90,1.30
KO,kentrikiodos,KO24,Σταθμός Διοδίων Μώλου Πλευρικά (Προς Αθήνα),ΠΛ,Φθιώτιδος-Μώλος,Α/Δ Αθηνών-Θεσσαλονίκης,38.80290,22.64952,customercare@kentrikiodos.gr,0.25,0.35,0.90,1.30
KO,kentrikiodos,KO25,Σταθμός Διοδίων Στυλίδας Πλευρικά (Από Θεσσαλονίκη),ΠΛ,Φθιώτιδος-Στυλίδα,Α/Δ Αθηνών-Θεσσαλονίκης,38.91363,22.65900,customercare@kentrikiodos.gr,0.50,0.70,1.75,2.50
KO,kentrikiodos,KO26,Σταθμός Διοδίων Στυλίδας Πλευρικά (Προς Θεσσαλονίκη),ΠΛ,Φθιώτιδος-Στυλίδα,Α/Δ Αθηνών-Θεσσαλονίκης,38.91357,22.65774,customercare@kentrikiodos.gr,0.50,0.70,1.75,2.50
MO,moreas,MO01,Σταθμός Διοδίων Βελιγοστής Μετωπικά (Προς Καλαμάτα),ΜΤ,Αρκαδίας-Βελιγοστή,Α/Δ Μορέας,37.34516,22.11037,info@moreas.com.gr,0.90,1.35,3.40,4.80
MO,moreas,MO02,Σταθμός Διοδίων Βελιγοστής Μετωπικά (Προς Κόρινθο),ΜΤ,Αρκαδίας-Βελιγοστή,Α/Δ Μορέας,37.34483,22.11030,info@moreas.com.gr,0.90,1.35,3.40,4.80
MO,moreas,MO03,Σταθμός Διοδίων Γέφυρας Μάναρη Μετωπικά (Προς Καλαμάτα),ΜΤ,Αρκαδίας-Μάναρης,Α/Δ Μορέας,37.41249,22.30764,info@moreas.com.gr,1.40,2.10,5.25,7.40
MO,moreas,MO04,Σταθμός Διοδίων Γέφυρας Μάναρη Μετωπικά (Προς Κόρινθο),ΜΤ,Αρκαδίας-Μάναρης,Α/Δ Μορέας,37.41220,22.30776,info@moreas.com.gr,1.40,2.10,5.25,7.40
MO,moreas,MO05,Σταθμός Διοδίων Νεστάνης Μετωπικά (Προς Καλαμάτα),ΜΤ,Αρκαδίας-Νεστάνη,Α/Δ Μορέας,37.60085,22.44646,info@moreas.com.gr,1.80,2.60,6.50,9.10
MO,moreas,MO06,Σταθμός Διοδίων Νεστάνης Μετωπικά (Προς Κόρινθο),ΜΤ,Αρκαδίας-Νεστάνη,Α/Δ Μορέας,37.60057,22.44655,info@moreas.com.gr,1.80,2.60,6.50,9.10
MO,moreas,MO07,Σταθμός Διοδίων Πετρίνας Μετωπικά (Προς Κόρινθο-Καλαμάτα),ΜΤ,Αρκαδίας-Πετρίνα,Α/Δ Μορέας,37.29864,22.21032,info@moreas.com.gr,2.20,3.15,7.90,11.10
MO,moreas,MO08,Σταθμός Διοδίων Πετρίνας Μετωπικά (Προς Σπάρτη),ΜΤ,Αρκαδίας-Πετρίνα,Α/Δ Μορέας,37.29884,22.21009,info@moreas.com.gr,2.20,3.15,7.90,11.10
MO,moreas,MO09,Σταθμός Διοδίων Σπαθοβουνίου Μετωπικά (Προς Καλαμάτα),ΜΤ,Κορινθίας-Σπαθοβούνι,Α/Δ Μορέας,37.83599,22.80797,info@moreas.com.gr,1.90,2.70,6.85,9.60
MO,moreas,MO10,Σταθμός Διοδίων Σπαθοβουνίου Μετωπικά (Προς Κόρινθο),ΜΤ,Κορινθίας-Σπαθοβούνι,Α/Δ Μορέας,37.83565,22.80808,info@moreas.com.gr,1.90,2.70,6.85,9.60
MO,moreas,MO11,Σταθμός Διοδίων Καλαμάτας Μετωπικά (Προς Καλαμάτα),ΜΤ,Μεσσηνίας-Καλαμάτα,Α/Δ Μορέας,37.13694,22.03779,info@moreas.com.gr,1.40,2.05,5.15,7.25
MO,moreas,MO12,Σταθμός Διοδίων Καλαμάτας Μετωπικά (Προς Κόρινθο),ΜΤ,Μεσσηνίας-Καλαμάτα,Α/Δ Μορέας,37.13675,22.03810,info@moreas.com.gr,1.40,2.05,5.15,7.25
MO,moreas,MO13,Σταθμός Διοδίων Αρφαρών Πλευρικά (Από Κόρινθο),ΠΛ,Μεσσηνίας-Αρφαρά,Α/Δ Μορέας,37.15246,22.02610,info@moreas.com.gr,0.50,0.80,2.05,2.85
MO,moreas,MO14,Σταθμός Διοδίων Αρφαρών Πλευρικά (Προς Κόρινθο),ΠΛ,Μεσσηνίας-Αρφαρά,Α/Δ Μορέας,37.15349,22.02565,info@moreas.com.gr,0.50,0.80,2.05,2.85
MO,moreas,MO15,Σταθμός Διοδίων Θουρίας Πλευρικά (Από Καλαμάτα),ΠΛ,Μεσσηνίας-Θουρία,Α/Δ Μορέας,37.07192,22.04808,info@moreas.com.gr,0.30,0.50,1.30,1.85
MO,moreas,MO16,Σταθμός Διοδίων Θουρίας Πλευρικά (Προς Καλαμάτα),ΠΛ,Μεσσηνίας-Θουρία,Α/Δ Μορέας,37.07162,22.04731,info@moreas.com.gr,0.30,0.50,1.30,1.85
MO,moreas,MO17,Σταθμός Διοδίων Παραδείσιων Πλευρικά (Από Καλαμάτα),ΠΛ,Μεσσηνίας-Παραδείσια,Α/Δ Μορέας,37.33067,22.07845,info@moreas.com.gr,0.50,0.80,2.05,2.90
MO,moreas,MO18,Σταθμός Διοδίων Παραδείσιων Πλευρικά (Προς Καλαμάτα),ΠΛ,Μεσσηνίας-Παραδείσια,Α/Δ Μορέας,37.33179,22.07778,info@moreas.com.gr,0.50,0.80,2.05,2.90
NAO,naodos,NAO01,Σταθμός Διοδίων Αγίας Παρασκευής Πλευρικά (Προς Καρέα),ΜΤ,Αττικής-Αγία Παρασκευή,Περιφ. Υμηττού,38.00812,23.83668,customercare@attikesdiadromes.gr,1.25,2.50,6.25,10.00
NAO,naodos,NAO02,Σταθμός Διοδίων Αγίας Παρασκευής Πλευρικά (Προς Παλλήνη),ΜΤ,Αττικής-Αγία Παρασκευή,Περιφ. Υμηττού,38.00910,23.84211,customercare@attikesdiadromes.gr,1.25,2.50,6.25,10.00
NAO,naodos,NAO03,Σταθμός Διοδίων Δημόκριτου Πλευρικά (Προς Παλλήνη),ΜΤ,Αττικής-Αγία Παρασκευή,Περιφ. Υμηττού,37.99958,23.82120,customercare@attikesdiadromes.gr,1.25,2.50,6.25,10.00
NAO,naodos,NAO04,Σταθμός Διοδίων Ανθούσας Πλευρικά (Προς Ελευσίνα),ΜΤ,Αττικής-Ανθούσα,Αττική Οδός,38.01688,23.86606,customercare@attikesdiadromes.gr,1.25,2.50,6.25,10.00
NAO,naodos,NAO05,Σταθμός Διοδίων Περιφεριακής Αιγάλεω Πλευρικά (Προς Αεροδρόμιο),ΜΤ,Αττικής-Άνω Λιόσια,Αττική Οδός,38.07565,23.67635,customercare@attikesdiadromes.gr,1.25,2.50,6.25,10.00
NAO,naodos,NAO06,Σταθμός Διοδίων Περιφεριακής Αιγάλεω Πλευρικά (Προς Ελευσίνα),ΜΤ,Αττικής-Άνω Λιόσια,Αττική Οδός,38.08009,23.67856,customercare@attikesdiadromes.gr,1.25,2.50,6.25,10.00
NAO,naodos,NAO07,Σταθμός Διοδίων Ασπροπύργου Πλευρικά (Προς Αεροδρόμιο),ΜΤ,Αττικής-Ασπρόπυργος,Αττική Οδός,38.08919,23.62220,customercare@attikesdiadromes.gr,1.25,2.50,6.25,10.00
NAO,naodos,NAO08,Σταθμός Διοδίων Ασπροπύργου Πλευρικά (Προς Ελευσίνα),ΜΤ,Αττικής-Ασπρόπυργος,Αττική Οδός,38.09040,23.61994,customercare@attikesdiadromes.gr,1.25,2.50,6.25,10.00
NAO,naodos,NAO09,Σταθμός Διοδίων Λεωφ. Δουκίσσης Πλακεντίας Πλευρικά (Προς Αεροδρόμιο),ΜΤ,Αττικής-Βριλήσσια,Αττική Οδός,38.02401,23.83473,customercare@attikesdiadromes.gr,1.25,2.50,6.25,10.00
NAO,naodos,NAO10,Σταθμός Διοδίων Λεωφ. Δουκίσσης Πλακεντίας Πλευρικά (Προς Ελευσίνα),ΜΤ,Αττικής-Βριλήσσια,Αττική Οδός,38.02517,23.83393,customercare@attikesdiadromes.gr,1.25,2.50,6.25,10.00
NAO,naodos,NAO11,Σταθμός Διοδίων Λεωφ. Δουκίσσης Πλακεντίας Πλευρικά (Προς Καρέα),ΜΤ,Αττικής-Βριλήσσια,Περιφ. Υμηττού,38.01935,23.83767,customercare@attikesdiadromes.gr,1.25,2.50,6.25,10.00
NAO,naodos,NAO12,Σταθμός Διοδίων Λεωφ. Πεντέλης Πλευρικά (Προς Αεροδρόμιο),ΜΤ,Αττικής-Βριλήσσια,Αττική Οδός,38.02703,23.82915,customercare@attikesdiadromes.gr,1.25,2.50,6.25,10.00
NAO,naodos,NAO13,Σταθμός Διοδίων Λεωφ. Πεντέλης Πλευρικά (Προς Ελευσίνα),ΜΤ,Αττικής-Βριλήσσια,Αττική Οδός,38.03427,23.82164,customercare@attikesdiadromes.gr,1.25,2.50,6.25,10.00
NAO,naodos,NAO14,Σταθμός Διοδίων Γλυκών Νερών Πλευρικά (Προς Καρέα),ΜΤ,Αττικής-Γλυκά Νερά,Περιφ. Υμηττού,37.99753,23.84944,customercare@attikesdiadromes.gr,1.25,2.50,6.25,10.00
NAO,naodos,NAO15,Σταθμός Διοδίων Γλυκών Νερών Πλευρικά (Προς Παλλήνη),ΜΤ,Αττικής-Γλυκά Νερά,Περιφ. Υμηττού,37.99710,23.85116,customercare@attikesdiadromes.gr,1.25,2.50,6.25,10.00
NAO,naodos,NAO16,Σταθμός Διοδίων Λεωφ. Δημοκρατίας Πλευρικά (Προς Αεροδρόμιο),ΜΤ,Αττικής-Ζεφύρι,Αττική Οδός,38.06607,23.73427,customercare@attikesdiadromes.gr,1.25,2.50,6.25,10.00
NAO,naodos,NAO17,Σταθμός Διοδίων Λεωφ. Δημοκρατίας Πλευρικά (Προς Ελευσίνα),ΜΤ,Αττικής-Ζεφύρι,Αττική Οδός,38.06741,23.73161,customercare@attikesdiadromes.gr,1.25,2.50,6.25,10.00
NAO,naodos,NAO18,Σταθμός Διοδίων Λεωφ. Ηρακλείου Πλευρικά (Προς Αεροδρόμιο),ΜΤ,Αττικής-Ηράκλειο,Αττική Οδός,38.05641,23.77234,customercare@attikesdiadromes.gr,1.25,2.50,6.25,10.00
NAO,naodos,NAO19,Σταθμός Διοδίων Λεωφ. Ηρακλείου Πλευρικά (Προς Ελευσίνα),ΜΤ,Αττικής-Ηράκλειο,Αττική Οδός,38.05859,23.76884,customercare@attikesdiadromes.gr,1.25,2.50,6.25,10.00
NAO,naodos,NAO20,Σταθμός Διοδίων Λεωφ. Κύμης Πλευρικά (Προς Αεροδρόμιο),ΜΤ,Αττικής-Ηράκλειο,Αττική Οδός,38.04838,23.78561,customercare@attikesdiadromes.gr,1.25,2.50,6.25,10.00
NAO,naodos,NAO21,Σταθμός Διοδίων Λεωφ. Κύμης Πλευρικά (Προς Ελευσίνα),ΜΤ,Αττικής-Ηράκλειο,Αττική Οδός,38.05237,23.78147,customercare@attikesdiadromes.gr,1.25,2.50,6.25,10.00
NAO,naodos,NAO22,Σταθμός Διοδίων Λεωφ. Φυλής Πλευρικά (Προς Αεροδρόμιο),ΜΤ,Αττικής-Καματερό,Αττική Οδός,38.07018,23.71147,customercare@attikesdiadromes.gr,1.25,2.50,6.25,10.00
NAO,naodos,NAO23,Σταθμός Διοδίων Λεωφ. Φυλής Πλευρικά (Προς Ελευσίνα),ΜΤ,Αττικής-Καματερό,Αττική Οδός,38.07138,23.70832,customercare@attikesdiadromes.gr,1.25,2.50,6.25,10.00
NAO,naodos,NAO24,Σταθμός Διοδίων Κορωπίου Μετωπικά (Προς Ελευσίνα),ΜΤ,Αττικής-Κορωπί,Αττική Οδός,37.93851,23.88683,customercare@attikesdiadromes.gr,1.25,2.50,6.25,10.00
NAO,naodos,NAO25,Σταθμός Διοδίων Λεωφ. Κηφισίας Πλευρικά (Προς Αεροδρόμιο),ΜΤ,Αττικής-Μαρούσι,Αττική Οδός,38.04123,23.80530,customercare@attikesdiadromes.gr,1.25,2.50,6.25,10.00
NAO,naodos,NAO26,Σταθμός Διοδίων Λεωφ. Κηφισίας Πλευρικά (Προς Ελευσίνα),ΜΤ,Αττικής-Μαρούσι,Αττική Οδός,38.04366,23.79931,customercare@attikesdiadromes.gr,1.25,2.50,6.25,10.00
NAO,naodos,NAO27,Σταθμός Διοδίων Αθηνών-Λαμίας Πλευρικά (Από Αθήνα Προς Αεροδρόμιο),ΜΤ,Αττικής-Μεταμόρφωση,Αττική Οδός,38.06086,23.75050,customercare@attikesdiadromes.gr,1.25,2.50,6.25,10.00
NAO,naodos,NAO28,Σταθμός Διοδίων Αθηνών-Λαμίας Πλευρικά (Από Αθήνα Προς Ελευσίνα),ΜΤ,Αττικής-Μεταμόρφωση,Αττική Οδός,38.06285,23.74866,customercare@attikesdiadromes.gr,1.25,2.50,6.25,10.00
NAO,naodos,NAO29,Σταθμός Διοδίων Αθηνών-Λαμίας Πλευρικά (Από Λαμία Προς Αεροδρόμιο),ΜΤ,Αττικής-Μεταμόρφωση,Αττική Οδός,38.06120,23.75044,customercare@attikesdiadromes.gr,1.25,2.50,6.25,10.00
NAO,naodos,NAO30,Σταθμός Διοδίων Αθηνών-Λαμίας Πλευρικά (Από Λαμία Προς Ελευσίνα),ΜΤ,Αττικής-Μεταμόρφωση,Αττική Οδός,38.06315,23.74873,customercare@attikesdiadromes.gr,1.25,2.50,6.25,10.00
NAO,naodos,NAO31,Σταθμός Διοδίων Παιανίας Πλευρικά (Προς Αεροδρόμιο),ΜΤ,Αττικής-Παιανία,Αττική Οδός,37.95341,23.88573,customercare@attikesdiadromes.gr,1.25,2.50,6.25,10.00
NAO,naodos,NAO32,Σταθμός Διοδίων Παιανίας Πλευρικά (Προς Ελευσίνα),ΜΤ,Αττικής-Παιανία,Αττική Οδός,37.95731,23.88672,customercare@attikesdiadromes.gr,1.25,2.50,6.25,10.00
NAO,naodos,NAO33,Σταθμός Διοδίων Λεωφ. Μαραθώνος Πλευρικά (Προς Αεροδρόμιο),ΜΤ,Αττικής-Παλλήνη,Αττική Οδός,38.00431,23.86971,customercare@attikesdiadromes.gr,1.25,2.50,6.25,10.00
NAO,naodos,NAO34,Σταθμός Διοδίων Λεωφ. Μαραθώνος Πλευρικά (Προς Ελευσίνα),ΜΤ,Αττικής-Παλλήνη,Αττική Οδός,38.00805,23.86918,customercare@attikesdiadromes.gr,1.25,2.50,6.25,10.00
NAO,naodos,NAO35,Σταθμός Διοδίων Παλλήνης Πλευρικά (Προς Καρέα),ΜΤ,Αττικής-Παλλήνη,Περιφ. Υμηττού,37.99397,23.88736,customercare@attikesdiadromes.gr,1.25,2.50,6.25,10.00
NAO,naodos,NAO36,Σταθμός Διοδίων Κατεχάκη Μετωπικά (Προς Παλλήνη),ΜΤ,Αττικής-Παπάγος,Περιφ. Υμηττού,37.97720,23.80010,customercare@attikesdiadromes.gr,1.25,2.50,6.25,10.00
NAO,naodos,NAO37,Σταθμός Διοδίων Παπάγου Πλευρικά (Προς Καρέα),ΜΤ,Αττικής-Παπάγος,Περιφ. Υμηττού,37.98565,23.80999,customercare@attikesdiadromes.gr,1.25,2.50,6.25,10.00
NAO,naodos,NAO38,Σταθμός Διοδίων Παπάγου Πλευρικά (Προς Παλλήνη),ΜΤ,Αττικής-Παπάγος,Περιφ. Υμηττού,37.98559,23.81250,customercare@attikesdiadromes.gr,1.25,2.50,6.25,10.00
NAO,naodos,NAO39,Σταθμός Διοδίων Ρουπακίου Μετωπικά (Προς Αεροδρόμιο),ΜΤ,Αττικής-Ρουπάκι,Αττική Οδός,38.09389,23.59099,customercare@attikesdiadromes.gr,1.25,2.50,6.25,10.00
NAO,naodos,NAO40,Σταθμός Διοδίων Κάντζας Πλευρικά (Προς Αεροδρόμιο),ΜΤ,Αττικής-Σπάτα-Κάντζα,Αττική Οδός,37.98003,23.86990,customercare@attikesdiadromes.gr,1.25,2.50,6.25,10.00
NAO,naodos,NAO41,Σταθμός Διοδίων Κάντζας Πλευρικά (Προς Ελευσίνα),ΜΤ,Αττικής-Σπάτα-Κάντζα,Αττική Οδός,37.98229,23.87047,customercare@attikesdiadromes.gr,1.25,2.50,6.25,10.00
NO,neaodos,NO01,Σταθμός Διοδίων Αγγελόκαστρου Μετωπικά (Προς Ιωάννινα),ΜΤ,Αιτωλοακαρνανίας-Αγγελόκαστρο,Α/Δ Αντιρρίου-Ιωαννίνων,38.54935,21.27241,info@neaodos.gr,2.70,3.85,9.60,13.50
NO,neaodos,NO02,Σταθμός Διοδίων Αγγελόκαστρου Μετωπικά (Προς Ρίο),ΜΤ,Αιτωλοακαρνανίας-Αγγελόκαστρο,Α/Δ Αντιρρίου-Ιωαννίνων,38.54947,21.27210,info@neaodos.gr,2.70,3.85,9.60,13.50
NO,neaodos,NO03,Σταθμός Διοδίων Κλόκοβας Μετωπικά (Προς Ιωάννινα),ΜΤ,Αιτωλοακαρνανίας-Γαβρολίμνη,Α/Δ Αντιρρίου-Ιωαννίνων,38.35929,21.65685,info@neaodos.gr,2.25,3.25,8.20,11.45
NO,neaodos,NO04,Σταθμός Διοδίων Κλόκοβας Μετωπικά (Προς Ρίο),ΜΤ,Αιτωλοακαρνανίας-Γαβρολίμνη,Α/Δ Αντιρρίου-Ιωαννίνων,38.35921,21.65640,info@neaodos.gr,2.25,3.25,8.20,11.45
NO,neaodos,NO05,Σταθμός Διοδίων Μενιδίου Μετωπικά (Προς Ιωάννινα),ΜΤ,Αιτωλοακαρνανίας-Μενίδι,Α/Δ Αντιρρίου-Ιωαννίνων,38.98982,21.17102,info@neaodos.gr,2.30,3.25,8.20,11.50
NO,neaodos,NO06,Σταθμός Διοδίων Μενιδίου Μετωπικά (Προς Ρίο),ΜΤ,Αιτωλοακαρνανίας-Μενίδι,Α/Δ Αντιρρίου-Ιωαννίνων,38.98999,21.17073,info@neaodos.gr,2.30,3.25,8.20,11.50
NO,neaodos,NO07,Σταθμός Διοδίων Αφιδνών Μετωπικά (Προς Αθήνα),ΜΤ,Αττικής-Αφίδνες,Α/Δ Αθηνών-Θεσσαλονίκης,38.17650,23.85388,info@neaodos.gr,2.50,3.55,8.95,12.55
NO,neaodos,NO08,Σταθμός Διοδίων Αφιδνών Μετωπικά (Προς Θεσσαλονίκη),ΜΤ,Αττικής-Αφίδνες,Α/Δ Αθηνών-Θεσσαλονίκης,38.17634,23.85444,info@neaodos.gr,2.50,3.55,8.95,12.55
NO,neaodos,NO09,Σταθμός Διοδίων Θήβας Μετωπικά (Προς Αθήνα),ΜΤ,Βοιωτίας-Θήβα,Α/Δ Αθηνών-Θεσσαλονίκης,38.37082,23.28677,info@neaodos.gr,2.90,4.20,10.50,14.70
NO,neaodos,NO10,Σταθμός Διοδίων Θήβας Μετωπικά (Προς Θεσσαλονίκη),ΜΤ,Βοιωτίας-Θήβα,Α/Δ Αθηνών-Θεσσαλονίκης,38.37090,23.28704,info@neaodos.gr,2.90,4.20,10.50,14.70
NO,neaodos,NO11,Σταθμός Διοδίων Τερόβου Μετωπικά (Προς Ιωάννινα),ΜΤ,Ιωαννίνων-Τέροβο,Α/Δ Αντιρρίου-Ιωαννίνων,39.42539,20.90533,info@neaodos.gr,2.35,3.35,8.45,11.85
NO,neaodos,NO12,Σταθμός Διοδίων Τερόβου Μετωπικά (Προς Ρίο),ΜΤ,Ιωαννίνων-Τέροβο,Α/Δ Αντιρρίου-Ιωαννίνων,39.42559,20.90509,info@neaodos.gr,2.35,3.35,8.45,11.85
NO,neaodos,NO13,Σταθμός Διοδίων Τραγάνας Μετωπικά (Προς Αθήνα),ΜΤ,Φθιώτιδος-Τραγάνα,Α/Δ Αθηνών-Θεσσαλονίκης,38.61750,23.14335,info@neaodos.gr,2.90,4.15,10.45,14.60
NO,neaodos,NO14,Σταθμός Διοδίων Τραγάνας Μετωπικά (Προς Θεσσαλονίκη),ΜΤ,Φθιώτιδος-Τραγάνα,Α/Δ Αθηνών-Θεσσαλονίκης,38.61772,23.14384,info@neaodos.gr,2.90,4.15,10.45,14.60
NO,neaodos,NO15,Σταθμός Διοδίων Γαβρολίμνης Πλευρικά (Από Ιωάννινα),ΠΛ,Αιτωλοακαρνανίας-Γαβρολίμνη,Α/Δ Αντιρρίου-Ιωαννίνων,38.37341,21.62484,info@neaodos.gr,1.60,2.30,5.80,8.10
NO,neaodos,NO16,Σταθμός Διοδίων Γαβρολίμνης Πλευρικά (Προς Ιωάννινα),ΠΛ,Αιτωλοακαρνανίας-Γαβρολίμνη,Α/Δ Αντιρρίου-Ιωαννίνων,38.37419,21.62510,info@neaodos.gr,1.60,2.30,5.80,8.10
NO,neaodos,NO17,Σταθμός Διοδίων Μεσολογγίου Πλευρικά (Από Ιωάννινα),ΠΛ,Αιτωλοακαρνανίας-Ζέστη,Α/Δ Αντιρρίου-Ιωαννίνων,38.37953,21.49530,info@neaodos.gr,0.95,1.35,3.45,4.80
NO,neaodos,NO18,Σταθμός Διοδίων Μεσολογγίου Πλευρικά (Προς Ιωάννινα),ΠΛ,Αιτωλοακαρνανίας-Ζέστη,Α/Δ Αντιρρίου-Ιωαννίνων,38.37935,21.49496,info@neaodos.gr,0.95,1.35,3.45,4.80
NO,neaodos,NO19,Σταθμός Διοδίων Κουβαρά Πλευρικά (Από Ιωάννινα),ΠΛ,Αιτωλοακαρνανίας-Φυτείες,Α/Δ Αντιρρίου-Ιωαννίνων,38.69941,21.21408,info@neaodos.gr,1.25,1.75,4.45,6.25
NO,neaodos,NO20,Σταθμός Διοδίων Κουβαρά Πλευρικά (Προς Ιωάννινα),ΠΛ,Αιτωλοακαρνανίας-Φυτείες,Α/Δ Αντιρρίου-Ιωαννίνων,38.70032,21.21573,info@neaodos.gr,1.25,1.75,4.45,6.25
NO,neaodos,NO21,Σταθμός Διοδίων Άρτας Πλευρικά (Από Ιωάννινα),ΠΛ,Άρτας-Άγιος Δημήτριος,Α/Δ Αντιρρίου-Ιωαννίνων,39.16037,21.01087,info@neaodos.gr,0.55,0.80,2.10,2.90
NO,neaodos,NO22,Σταθμός Διοδίων Άρτας Πλευρικά (Προς Ιωάννινα),ΠΛ,Άρτας-Άγιος Δημήτριος,Α/Δ Αντιρρίου-Ιωαννίνων,39.16064,21.01217,info@neaodos.gr,0.55,0.80,2.10,2.90
NO,neaodos,NO23,Σταθμός Διοδίων Καπανδριτίου Πλευρικά (Από Θεσσαλονίκη),ΠΛ,Αττικής-Καπανδρίτι,Α/Δ Αθηνών-Θεσσαλονίκης,38.20262,23.85396,info@neaodos.gr,1.50,2.15,5.40,7.60
NO,neaodos,NO24,Σταθμός Διοδίων Καπανδριτίου Πλευρικά (Προς Θεσσαλονίκη),ΠΛ,Αττικής-Καπανδρίτι,Α/Δ Αθηνών-Θεσσαλονίκης,38.20275,23.85477,info@neaodos.gr,1.50,2.15,5.40,7.60
NO,neaodos,NO25,Σταθμός Διοδίων Μαλακάσας Πλευρικά (Από Θεσσαλονίκη),ΠΛ,Αττικής-Μαλακάσα,Α/Δ Αθηνών-Θεσσαλονίκης,38.23753,23.78053,info@neaodos.gr,1.05,1.55,3.85,5.40
NO,neaodos,NO26,Σταθμός Διοδίων Μαλακάσας Πλευρικά (Προς Θεσσαλονίκη),ΠΛ,Αττικής-Μαλακάσα,Α/Δ Αθηνών-Θεσσαλονίκης,38.23633,23.78600,info@neaodos.gr,1.05,1.55,3.85,5.40
NO,neaodos,NO27,Σταθμός Διοδίων Θήβας Πλευρικά (Από Θεσσαλονίκη),ΠΛ,Βοιωτίας-Θήβα,Α/Δ Αθηνών-Θεσσαλονίκης,38.36621,23.32467,info@neaodos.gr,1.15,1.65,4.15,5.80
NO,neaodos,NO28,Σταθμός Διοδίων Θήβας Πλευρικά (Προς Θεσσαλονίκη),ΠΛ,Βοιωτίας-Θήβα,Α/Δ Αθηνών-Θεσσαλονίκης,38.36403,23.32208,info@neaodos.gr,1.15,1.65,4.15,5.80
NO,neaodos,NO29,Σταθμός Διοδίων Οινοφύτων Πλευρικά (Από Θεσσαλονίκη),ΠΛ,Βοιωτίας-Οινόφυτα,Α/Δ Αθηνών-Θεσσαλονίκης,38.28925,23.67591,info@neaodos.gr,0.50,0.70,1.80,2.55
NO,neaodos,NO30,Σταθμός Διοδίων Οινοφύτων Πλευρικά (Προς Θεσσαλονίκη),ΠΛ,Βοιωτίας-Οινόφυτα,Α/Δ Αθηνών-Θεσσαλονίκης,38.29219,23.67477,info@neaodos.gr,0.50,0.70,1.80,2.55
NO,neaodos,NO31,Σταθμός Διοδίων Γοργόμυλου Πλευρικά (Από Ρίο),ΠΛ,Πρέβεζας-Γοργόμυλος,Α/Δ Αντιρρίου-Ιωαννίνων,39.33170,20.91559,info@neaodos.gr,0.75,1.10,2.75,3.90
NO,neaodos,NO32,Σταθμός Διοδίων Γοργόμυλου Πλευρικά (Προς Ρίο),ΠΛ,Πρέβεζας-Γοργόμυλος,Α/Δ Αντιρρίου-Ιωαννίνων,39.33199,20.91415,info@neaodos.gr,0.75,1.10,2.75,3.90
NO,neaodos,NO33,Σταθμός Διοδίων Τραγάνας Πλευρικά (Από Θεσσαλονίκη),ΠΛ,Φθιώτιδος-Τραγάνα,Α/Δ Αθηνών-Θεσσαλονίκης,38.62199,23.12357,info@neaodos.gr,2.35,3.35,8.35,11.75
NO,neaodos,NO34,Σταθμός Διοδίων Τραγάνας Πλευρικά (Προς Θεσσαλονίκη),ΠΛ,Φθιώτιδος-Τραγάνα,Α/Δ Αθηνών-Θεσσαλονίκης,38.62253,23.12381,info@neaodos.gr,2.35,3.35,8.35,11.75
OO,olympiaodos,OO01,Σταθμός Διοδίων Ελευσίνας Μετωπικά (Προς Αθήνα),ΜΤ,Αττικής-Ελευσίνα,Α/Δ Αθηνών-Κορίνθου,38.04199,23.49613,customercare@olympiaoperation.gr,1.60,2.30,5.80,8.10
OO,olympiaodos,OO02,Σταθμός Διοδίων Ελευσίνας Μετωπικά (Προς Πάτρα),ΜΤ,Αττικής-Ελευσίνα,Α/Δ Αθηνών-Κορίνθου,38.04250,23.49545,customercare@olympiaoperation.gr,1.60,2.30,5.80,8.10OO,olympiaodos,OO03,Σταθμός Διοδίων Ρίου Μετωπικά (Προς Αθήνα),ΜΤ,Αχαΐας-Άγιος Βασίλειος,Α/Δ Κορίνθου-Πατρών,38.31624,21.83038,customercare@olympiaoperation.gr,1.70,2.40,6.20,8.70
OO,olympiaodos,OO04,Σταθμός Διοδίων Ρίου Μετωπικά (Προς Πάτρα),ΜΤ,Αχαΐας-Άγιος Βασίλειος,Α/Δ Κορίνθου-Πατρών,38.31663,21.82995,customercare@olympiaoperation.gr,1.70,2.40,6.20,8.70
OO,olympiaodos,OO05,Σταθμός Διοδίων Ελαιώνα Μετωπικά (Προς Αθήνα),ΜΤ,Αχαΐας-Ελαιώνας,Α/Δ Κορίνθου-Πατρών,38.19048,22.16526,customercare@olympiaoperation.gr,2.40,3.50,8.90,12.40
OO,olympiaodos,OO06,Σταθμός Διοδίων Ελαιώνα Μετωπικά (Προς Πάτρα),ΜΤ,Αχαΐας-Ελαιώνας,Α/Δ Κορίνθου-Πατρών,38.19092,22.16560,customercare@olympiaoperation.gr,2.40,3.50,8.90,12.40
OO,olympiaodos,OO07,Σταθμός Διοδίων Ισθμίων Μετωπικά (Προς Αθήνα),ΜΤ,Κορινθίας-Ίσθμια,Α/Δ Αθηνών-Κορίνθου,37.92481,23.03208,customercare@olympiaoperation.gr,1.30,1.90,4.90,6.90
OO,olympiaodos,OO08,Σταθμός Διοδίων Ισθμίων Μετωπικά (Προς Πάτρα),ΜΤ,Κορινθίας-Ίσθμια,Α/Δ Αθηνών-Κορίνθου,37.92535,23.03274,customercare@olympiaoperation.gr,1.30,1.90,4.90,6.90
OO,olympiaodos,OO09,Σταθμός Διοδίων Κιάτου Μετωπικά (Προς Αθήνα),ΜΤ,Κορινθίας-Κιάτο,Α/Δ Κορίνθου-Πατρών,37.99692,22.73517,customercare@olympiaoperation.gr,1.70,2.50,6.20,8.80
OO,olympiaodos,OO10,Σταθμός Διοδίων Κιάτου Μετωπικά (Προς Πάτρα),ΜΤ,Κορινθίας-Κιάτο,Α/Δ Κορίνθου-Πατρών,37.99651,22.73565,customercare@olympiaoperation.gr,1.70,2.50,6.20,8.80
OO,olympiaodos,OO11,Σταθμός Διοδίων Νέας Περάμου Πλευρικά (Από Πάτρα),ΠΛ,Αττικής-Νέα Πέραμος,Α/Δ Αθηνών-Κορίνθου,38.01988,23.42843,customercare@olympiaoperation.gr,1.10,1.50,3.90,5.50
OO,olympiaodos,OO12,Σταθμός Διοδίων Νέας Περάμου Πλευρικά (Προς Πάτρα),ΠΛ,Αττικής-Νέα Πέραμος,Α/Δ Αθηνών-Κορίνθου,38.01970,23.42683,customercare@olympiaoperation.gr,1.10,1.50,3.90,5.50
OO,olympiaodos,OO13,Σταθμός Διοδίων Πάχης Πλευρικά (Από Πάτρα),ΠΛ,Αττικής-Πάχη,Α/Δ Αθηνών-Κορίνθου,37.98501,23.34987,customercare@olympiaoperation.gr,0.70,1.00,2.50,3.50
OO,olympiaodos,OO14,Σταθμός Διοδίων Πάχης Πλευρικά (Προς Πάτρα),ΠΛ,Αττικής-Πάχη,Α/Δ Αθηνών-Κορίνθου,37.98590,23.34910,customercare@olympiaoperation.gr,0.70,1.00,2.50,3.50
OO,olympiaodos,OO15,Σταθμός Διοδίων Δρεπάνου Πλευρικά (Από Αθήνα),ΠΛ,Αχαΐας-Δρέπανο,Α/Δ Κορίνθου-Πατρών,38.32496,21.85800,customercare@olympiaoperation.gr,1.30,1.80,4.70,6.60
OO,olympiaodos,OO16,Σταθμός Διοδίων Δρεπάνου Πλευρικά (Προς Αθήνα),ΠΛ,Αχαΐας-Δρέπανο,Α/Δ Κορίνθου-Πατρών,38.32513,21.85815,customercare@olympiaoperation.gr,1.30,1.80,4.70,6.60
OO,olympiaodos,OO17,Σταθμός Διοδίων Ακράτας Πλευρικά (Από Αθήνα),ΠΛ,Αχαΐας-Κράθιο,Α/Δ Κορίνθου-Πατρών,38.15655,22.34285,customercare@olympiaoperation.gr,1.30,1.90,4.70,6.70
OO,olympiaodos,OO18,Σταθμός Διοδίων Ακράτας Πλευρικά (Προς Αθήνα),ΠΛ,Αχαΐας-Κράθιο,Α/Δ Κορίνθου-Πατρών,38.15715,22.34236,customercare@olympiaoperation.gr,1.30,1.90,4.70,6.70
OO,olympiaodos,OO19,Σταθμός Διοδίων Καλαβρύτων Πλευρικά (Από Αθήνα),ΠΛ,Αχαΐας-Τράπεζα,Α/Δ Κορίνθου-Πατρών,38.17475,22.23938,customercare@olympiaoperation.gr,1.80,2.60,6.50,9.10
OO,olympiaodos,OO20,Σταθμός Διοδίων Καλαβρύτων Πλευρικά (Προς Αθήνα),ΠΛ,Αχαΐας-Τράπεζα,Α/Δ Κορίνθου-Πατρών,38.17461,22.23961,customercare@olympiaoperation.gr,1.80,2.60,6.50,9.10
OO,olympiaodos,OO21,Σταθμός Διοδίων Αγίων Θεοδώρων Πλευρικά (Από Αθήνα),ΠΛ,Κορινθίας-Άγιοι Θεόδωροι,Α/Δ Αθηνών-Κορίνθου,37.92207,23.11896,customercare@olympiaoperation.gr,0.40,0.60,1.50,2.10
OO,olympiaodos,OO22,Σταθμός Διοδίων Αγίων Θεοδώρων Πλευρικά (Προς Αθήνα),ΠΛ,Κορινθίας-Άγιοι Θεόδωροι,Α/Δ Αθηνών-Κορίνθου,37.92194,23.11967,customercare@olympiaoperation.gr,0.40,0.60,1.50,2.10
OO,olympiaodos,OO23,Σταθμός Διοδίων Δερβενίου Πλευρικά (Από Αθήνα),ΠΛ,Κορινθίας-Δερβένι,Α/Δ Κορίνθου-Πατρών,38.13183,22.40492,customercare@olympiaoperation.gr,1.00,1.40,3.60,5.10
OO,olympiaodos,OO24,Σταθμός Διοδίων Δερβενίου Πλευρικά (Προς Αθήνα),ΠΛ,Κορινθίας-Δερβένι,Α/Δ Κορίνθου-Πατρών,38.13193,22.40525,customercare@olympiaoperation.gr,1.00,1.40,3.60,5.10
OO,olympiaodos,OO25,Σταθμός Διοδίων Ζευγολατιού Πλευρικά (Από Αθήνα),ΠΛ,Κορινθίας-Ζευγολατιό,Α/Δ Κορίνθου-Πατρών,37.93143,22.78815,customercare@olympiaoperation.gr,0.50,0.80,2.00,2.90
OO,olympiaodos,OO26,Σταθμός Διοδίων Ζευγολατιού Πλευρικά (Προς Αθήνα),ΠΛ,Κορινθίας-Ζευγολατιό,Α/Δ Κορίνθου-Πατρών,37.93128,22.78786,customercare@olympiaoperation.gr,0.50,0.80,2.00,2.90
OO,olympiaodos,OO27,Σταθμός Διοδίων Κιάτου Πλευρικά (Από Πάτρα),ΠΛ,Κορινθίας-Κιάτο,Α/Δ Κορίνθου-Πατρών,38.00783,22.73326,customercare@olympiaoperation.gr,0.60,0.90,2.40,3.30
OO,olympiaodos,OO28,Σταθμός Διοδίων Κιάτου Πλευρικά (Προς Πάτρα),ΠΛ,Κορινθίας-Κιάτο,Α/Δ Κορίνθου-Πατρών,38.00783,22.73354,customercare@olympiaoperation.gr,0.60,0.90,2.40,3.30
